rank,gene,composite_score,de_component,epitope_component,safety_component,llm_component,log2fc_smm,padj_smm,pct_cells_smm_neoplastic,pct_cells_nbm_normal,pct_cells_neoplastic,pct_cells_normal,patient_prevalence,recurrence_frac,recurrence_n_samples,recurrence_smm_n,smm_coverage_n,smmh_coverage_n,smml_coverage_n,mm_coverage_n,mgus_coverage_n,mm_retained,n_strong_binders,n_alleles_with_binder,allele_coverage_frac,best_affinity_nM,tissue_tier,hpa_outlier_tissues,hpa_lymphoid_fdr,hpa_subcellular,localisation,significant_in_B,surface_or_secreted,novelty_confidence,mm_confidence,novelty_tier,existing_programs,llm_available,rationale
1,CCND1,0.7794674051530376,1.0,0.5223370257651883,0.49999999999999994,1.0,8.706896096841476,9.380300878022664e-17,0.4594799293107801,0.0061106346483704,0.3140404465978513,0.0219695509732125,0.9565217391304348,0.8181818181818182,9,5,10,8,2,5,2,False,61,20,0.7407407407407407,14.83157212375296,2_restricted,skin,,Nucleoplasm,intracellular,True,False,9.0,A,3_literature,"none known — no CCND1-directed vaccine, CAR-T, ADC or bispecific in myeloma that I can name with confidence; CCND1 peptide/CTL work exists preclinically (mantle cell lymphoma, breast cancer) but I am not aware of a registered clinical vaccine trial, so I am not claiming tier 1a/1b",True,"SMM neoplastic vs healthy plasma cells log2FC=8.7 (padj=9.4e-17); expressed in 46% of SMM tumour cells vs 1% of healthy-donor plasma cells; shared by 96% of patients; enriched vs own normal PCs in 9/11 paired patients (5/5 SMM); expressed (>=5 CPM) in 10/12 SMM tumours (8/9 high-risk), 5/8 MM, 2/3 MGUS; NOT retained on progression to MM (durability risk); 61 strong HLA-I binders on 20/27 alleles; novelty-confidence 9/10 (confidence A, 3_literature); tissue tier 2_restricted (outlier in skin); also up in within-patient paired contrast (log2FC=1.7)"
2,FCRLA,0.5931487555299811,0.29688190815925275,0.4370875820776934,1.0,0.6666666666666666,2.2652814115747826,0.0163190803573047,0.50580661449129,0.1557675814751286,0.4275331788497998,0.1560994411254577,0.9565217391304348,0.7272727272727273,8,3,10,8,2,8,3,True,73,18,0.6666666666666666,11.777351809463951,1a_lymphoid,"lymph node, tonsil",9.453028262367841e-09,,intracellular,True,False,7.0,B,3_literature,"none known for FCRLA itself; note the paralogue FCRL5/FcRH5 is clinically validated in MM (cevostamab, BFCR4350A; anti-FcRH5 ADC DFRF4539A; FcRH5 CAR-T), but that is a different gene",True,"SMM neoplastic vs healthy plasma cells log2FC=2.3 (padj=1.6e-02); expressed in 51% of SMM tumour cells vs 16% of healthy-donor plasma cells; shared by 96% of patients; enriched vs own normal PCs in 8/11 paired patients (3/5 SMM); expressed (>=5 CPM) in 10/12 SMM tumours (8/9 high-risk), 8/8 MM, 3/3 MGUS; 73 strong HLA-I binders on 18/27 alleles; novelty-confidence 7/10 (confidence B, 3_literature); tissue tier 1a_lymphoid (outlier in lymph node, tonsil); also up in within-patient paired contrast (log2FC=1.0)"
3,NLGN4X,0.5336356063612914,0.058448266691058154,0.7055056317698698,1.0,0.5,5.887276321626487,1.0418235459909663e-09,0.0797778338803332,0.0009648370497427,0.0698335791025911,0.0024089419926768,0.8695652173913043,0.3636363636363636,4,2,6,4,2,4,1,True,182,23,0.8518518518518519,10.528510230304263,1a_lymphoid,"ovary, thymus",0.0242933073332313,,membrane,True,True,6.0,B,4_uncharacterised,none known,True,"SMM neoplastic vs healthy plasma cells log2FC=5.9 (padj=1.0e-09); expressed in 8% of SMM tumour cells vs 0% of healthy-donor plasma cells; shared by 87% of patients; enriched vs own normal PCs in 4/11 paired patients (2/5 SMM); expressed (>=5 CPM) in 6/12 SMM tumours (4/9 high-risk), 4/8 MM, 1/3 MGUS; 182 strong HLA-I binders on 23/27 alleles; novelty-confidence 6/10 (confidence B, 4_uncharacterised); tissue tier 1a_lymphoid (outlier in ovary, thymus); also up in within-patient paired contrast (log2FC=1.7)"
4,CD1D,0.5197261785351273,0.028258376160248982,0.47290999510192966,1.0,0.6666666666666666,1.8315426131708976,0.00175676946434,0.1427669780358495,0.0365566037735849,0.2142405729934695,0.0407592985160917,0.9130434782608696,0.4545454545454545,5,2,9,8,1,6,2,True,72,18,0.6666666666666666,11.765906668787803,1a_lymphoid,spleen,0.0005993521266871,Endoplasmic reticulum,membrane,True,True,7.0,B,3_literature,"none known as a CD1D-directed peptide vaccine or CD1D-targeting agent. Note: alpha-galactosylceramide (KRN7000)-loaded dendritic cell / iNKT trials in MGUS-SMM-MM (e.g., Richter et al., Blood 2013; Chang/Dhodapkar studies) exploit CD1d as the lipid-presenting molecule, not as the targeted tumor antigen, so this does not constitute a CD1D-directed clinical program.",True,"SMM neoplastic vs healthy plasma cells log2FC=1.8 (padj=1.8e-03); expressed in 14% of SMM tumour cells vs 4% of healthy-donor plasma cells; shared by 91% of patients; enriched vs own normal PCs in 5/11 paired patients (2/5 SMM); expressed (>=5 CPM) in 9/12 SMM tumours (8/9 high-risk), 6/8 MM, 2/3 MGUS; 72 strong HLA-I binders on 18/27 alleles; novelty-confidence 7/10 (confidence B, 3_literature); tissue tier 1a_lymphoid (outlier in spleen)"
5,KIT,0.5051145326585968,0.04324321002468115,0.5857078482559628,0.49999999999999994,1.0,7.668746348535407,3.4379819234577088e-06,0.0509972229235041,0.000107204116638,0.0482409943121971,0.0005781460782424,0.6956521739130435,0.4545454545454545,5,3,6,3,3,3,1,True,191,23,0.8518518518518519,11.541332457725142,2_restricted,breast,,Plasma membrane,membrane,True,True,9.0,A,3_literature,"none known as an antigen-directed agent in myeloma; KIT is targeted pharmacologically by TKIs (imatinib/dasatinib, tested in MM without antigen-specific rationale) and anti-CD117 antibodies (e.g. briquilimab/JSP191) and CD117 CAR-T are in development for AML/HSC conditioning, not myeloma",True,"SMM neoplastic vs healthy plasma cells log2FC=7.7 (padj=3.4e-06); expressed in 5% of SMM tumour cells vs 0% of healthy-donor plasma cells; shared by 70% of patients; enriched vs own normal PCs in 5/11 paired patients (3/5 SMM); expressed (>=5 CPM) in 6/12 SMM tumours (3/9 high-risk), 3/8 MM, 1/3 MGUS; 191 strong HLA-I binders on 23/27 alleles; novelty-confidence 9/10 (confidence A, 3_literature); tissue tier 2_restricted (outlier in breast); also up in within-patient paired contrast (log2FC=0.8)"
6,SPN,0.4975120695371318,0.11264349031099279,0.2352617788858365,1.0,0.6666666666666666,2.0982017352893005,0.0022642808012315,0.2779601110830598,0.066680960548885,0.2343058773962502,0.075640778570052,0.9130434782608696,0.5454545454545454,6,4,10,7,3,8,1,True,58,17,0.6296296296296297,15.29004942361826,1a_lymphoid,"bone marrow, thymus",2.7947669039127053e-07,Plasma membrane,membrane,True,True,7.0,B,3_literature,"none known in myeloma; anti-CD43 antibody AT1413 has been explored in AML (not myeloma, not a vaccine), and CD43 CAR constructs remain preclinical",True,"SMM neoplastic vs healthy plasma cells log2FC=2.1 (padj=2.3e-03); expressed in 28% of SMM tumour cells vs 7% of healthy-donor plasma cells; shared by 91% of patients; enriched vs own normal PCs in 6/11 paired patients (4/5 SMM); expressed (>=5 CPM) in 10/12 SMM tumours (7/9 high-risk), 8/8 MM, 1/3 MGUS; 58 strong HLA-I binders on 17/27 alleles; novelty-confidence 7/10 (confidence B, 3_literature); tissue tier 1a_lymphoid (outlier in bone marrow, thymus)"
7,POU2F2,0.4914474403138025,0.08468576209738844,0.2468752250895964,1.0,0.6666666666666666,1.0549544053891886,0.0002319218818251,0.4473617773289573,0.2260934819897084,0.4375394986307141,0.2306802852187319,1.0,0.8181818181818182,9,4,12,9,3,8,3,True,65,19,0.7037037037037037,14.007749418623272,1a_lymphoid,"lymph node, tonsil",4.9131671802658555e-05,"Nucleoplasm, Vesicles",intracellular,True,False,7.0,B,3_literature,none known,True,"SMM neoplastic vs healthy plasma cells log2FC=1.1 (padj=2.3e-04); expressed in 45% of SMM tumour cells vs 23% of healthy-donor plasma cells; shared by 100% of patients; enriched vs own normal PCs in 9/11 paired patients (4/5 SMM); expressed (>=5 CPM) in 12/12 SMM tumours (9/9 high-risk), 8/8 MM, 3/3 MGUS; 65 strong HLA-I binders on 19/27 alleles; novelty-confidence 7/10 (confidence B, 3_literature); tissue tier 1a_lymphoid (outlier in lymph node, tonsil); also up in within-patient paired contrast (log2FC=0.8)"
8,MLLT3,0.47566880619810065,0.26266776665992614,0.1093423810006141,1.0,0.5,2.004304988181178,4.8329976328916055e-12,0.34170663973744,0.0850128644939965,0.3246260796292395,0.0909616496434765,1.0,1.0,11,5,12,9,3,8,3,True,62,15,0.5555555555555556,11.538837052870107,1a_lymphoid,"bone marrow, rectum",0.0102836626980351,Nucleoplasm,intracellular,True,False,6.0,B,4_uncharacterised,none known,True,"SMM neoplastic vs healthy plasma cells log2FC=2.0 (padj=4.8e-12); expressed in 34% of SMM tumour cells vs 9% of healthy-donor plasma cells; shared by 100% of patients; enriched vs own normal PCs in 11/11 paired patients (5/5 SMM); expressed (>=5 CPM) in 12/12 SMM tumours (9/9 high-risk), 8/8 MM, 3/3 MGUS; 62 strong HLA-I binders on 15/27 alleles; novelty-confidence 6/10 (confidence B, 4_uncharacterised); tissue tier 1a_lymphoid (outlier in bone marrow, rectum); also up in within-patient paired contrast (log2FC=1.6)"
9,IGF1,0.4724970907769164,0.05106393350781709,0.4108895536228562,0.49999999999999994,1.0,0.6957844634334935,0.0354009595151458,0.4233779348649331,0.2180531732418525,0.4324836738993048,0.2195991520524186,1.0,0.9090909090909092,10,4,12,9,3,8,3,True,38,18,0.6666666666666666,19.54095705046923,2_restricted,"adipose tissue, cervix",,,secreted,True,True,9.0,A,3_literature,"none known for IGF1 itself as a vaccine target; the axis has been drugged in MM via the receptor (anti-IGF-1R antibodies AVE1642 and figitumumab/CP-751,871 in phase I myeloma studies) and the ligand neutralised in solid tumours (xentuzumab/BI 836845), but no IGF1-directed vaccine or MM ligand-targeted program exists",True,"SMM neoplastic vs healthy plasma cells log2FC=0.7 (padj=3.5e-02); expressed in 42% of SMM tumour cells vs 22% of healthy-donor plasma cells; shared by 100% of patients; enriched vs own normal PCs in 10/11 paired patients (4/5 SMM); expressed (>=5 CPM) in 12/12 SMM tumours (9/9 high-risk), 8/8 MM, 3/3 MGUS; 38 strong HLA-I binders on 18/27 alleles; novelty-confidence 9/10 (confidence A, 3_literature); tissue tier 2_restricted (outlier in adipose tissue, cervix); also up in within-patient paired contrast (log2FC=0.9)"
10,MYEOV,0.4714781713722149,0.19252454587937712,0.1936040380420089,0.49999999999999994,1.0,2.491091583605854,6.010316279068411e-06,0.2903307245645039,0.046204974271012,0.2535812091847482,0.0488533436114858,0.9565217391304348,0.6363636363636364,7,2,11,8,3,7,3,True,53,13,0.4814814814814814,15.334246674050128,2_restricted,esophagus,,Nucleoplasm,membrane,True,True,9.0,A,3_literature,none known,True,"SMM neoplastic vs healthy plasma cells log2FC=2.5 (padj=6.0e-06); expressed in 29% of SMM tumour cells vs 5% of healthy-donor plasma cells; shared by 96% of patients; enriched vs own normal PCs in 7/11 paired patients (2/5 SMM); expressed (>=5 CPM) in 11/12 SMM tumours (8/9 high-risk), 7/8 MM, 3/3 MGUS; 53 strong HLA-I binders on 13/27 alleles; novelty-confidence 9/10 (confidence A, 3_literature); tissue tier 2_restricted (outlier in esophagus); also up in within-patient paired contrast (log2FC=0.9)"
11,TBXAS1,0.47060596239975605,0.15796115476514008,0.86608807985107,1.0,0.0,1.6974881384013525,3.4507911283551517e-06,0.3949760161575359,0.0948756432246998,0.2708552770170634,0.1006937752938909,0.9565217391304348,0.6363636363636364,7,5,12,9,3,7,3,True,145,22,0.8148148148148148,12.057711006876676,1a_lymphoid,spleen,1.55877209751912e-08,"Endoplasmic reticulum, Cytosol",membrane,True,True,3.0,C,4_uncharacterised,none known,True,"SMM neoplastic vs healthy plasma cells log2FC=1.7 (padj=3.5e-06); expressed in 39% of SMM tumour cells vs 9% of healthy-donor plasma cells; shared by 96% of patients; enriched vs own normal PCs in 7/11 paired patients (5/5 SMM); expressed (>=5 CPM) in 12/12 SMM tumours (9/9 high-risk), 7/8 MM, 3/3 MGUS; 145 strong HLA-I binders on 22/27 alleles; novelty-confidence 3/10 (confidence C, 4_uncharacterised); tissue tier 1a_lymphoid (outlier in spleen); also up in within-patient paired contrast (log2FC=0.7)"
12,IFITM1,0.46367934749007844,0.04282071644536373,0.7958323294490135,0.49999999999999994,0.6666666666666666,1.6346804431183637,0.0452359882004181,0.2115627366826559,0.1149228130360205,0.4633452706972825,0.1212179610714974,1.0,0.7272727272727273,8,4,11,8,3,8,3,True,56,14,0.5185185185185185,13.436904384102034,2_restricted,epididymis,,"Golgi apparatus, Plasma membrane",membrane,True,True,7.0,B,3_literature,none known,True,"SMM neoplastic vs healthy plasma cells log2FC=1.6 (padj=4.5e-02); expressed in 21% of SMM tumour cells vs 11% of healthy-donor plasma cells; shared by 100% of patients; enriched vs own normal PCs in 8/11 paired patients (4/5 SMM); expressed (>=5 CPM) in 11/12 SMM tumours (8/9 high-risk), 8/8 MM, 3/3 MGUS; 56 strong HLA-I binders on 14/27 alleles; novelty-confidence 7/10 (confidence B, 3_literature); tissue tier 2_restricted (outlier in epididymis); also up in within-patient paired contrast (log2FC=0.8)"
13,HGF,0.4588853919946282,0.17435054839268088,0.3662344707174527,0.49999999999999994,0.8333333333333334,5.041452176330375,8.187088735493447e-06,0.1171421358242868,0.0058962264150943,0.1941752685906888,0.0087685488533436,0.8260869565217391,0.6363636363636364,7,3,7,4,3,7,1,True,106,23,0.8518518518518519,14.721586382361892,2_restricted,placenta,,,secreted,True,True,8.0,A,2_clinical_other,"Rilotumumab (AMG 102), an anti-HGF neutralising monoclonal antibody, was evaluated in relapsed/refractory multiple myeloma (phase 1/2, alone and with bortezomib); HGF/MET axis also targeted by ficlatuzumab and MET TKIs in other tumours. No HGF peptide vaccine in MM.",True,"SMM neoplastic vs healthy plasma cells log2FC=5.0 (padj=8.2e-06); expressed in 12% of SMM tumour cells vs 1% of healthy-donor plasma cells; shared by 83% of patients; enriched vs own normal PCs in 7/11 paired patients (3/5 SMM); expressed (>=5 CPM) in 7/12 SMM tumours (4/9 high-risk), 7/8 MM, 1/3 MGUS; 106 strong HLA-I binders on 23/27 alleles; novelty-confidence 8/10 (confidence A, 2_clinical_other); tissue tier 2_restricted (outlier in placenta); also up in within-patient paired contrast (log2FC=1.8)"
14,HERC5,0.4234477535207541,0.039560778691474445,0.8078975995665587,1.0,0.0,1.404713892415835,5.643131839200175e-08,0.1606917445089623,0.0540308747855917,0.1559932589003581,0.0573328194257082,0.9565217391304348,0.7272727272727273,8,4,12,9,3,8,2,True,224,26,0.9629629629629628,11.97965758230199,1b_testis_CT,testis,,,membrane,True,True,3.0,C,4_uncharacterised,none known,True,"SMM neoplastic vs healthy plasma cells log2FC=1.4 (padj=5.6e-08); expressed in 16% of SMM tumour cells vs 5% of healthy-donor plasma cells; shared by 96% of patients; enriched vs own normal PCs in 8/11 paired patients (4/5 SMM); expressed (>=5 CPM) in 12/12 SMM tumours (9/9 high-risk), 8/8 MM, 2/3 MGUS; 224 strong HLA-I binders on 26/27 alleles; novelty-confidence 3/10 (confidence C, 4_uncharacterised); tissue tier 1b_testis_CT (outlier in testis)"
15,HEY2,0.4095127793650992,0.07406353402072348,0.686468595794411,0.49999999999999994,0.5,2.3359122802829813,5.5618095885369416e-05,0.118530674072204,0.0174742710120068,0.1084369075205392,0.0206205434573135,0.8260869565217391,0.7272727272727273,8,4,9,7,2,5,2,True,77,22,0.8148148148148148,12.099587236977726,2_restricted,blood vessel,,Nuclear bodies,intracellular,True,False,6.0,B,4_uncharacterised,none known,True,"SMM neoplastic vs healthy plasma cells log2FC=2.3 (padj=5.6e-05); expressed in 12% of SMM tumour cells vs 2% of healthy-donor plasma cells; shared by 83% of patients; enriched vs own normal PCs in 8/11 paired patients (4/5 SMM); expressed (>=5 CPM) in 9/12 SMM tumours (7/9 high-risk), 5/8 MM, 2/3 MGUS; 77 strong HLA-I binders on 22/27 alleles; novelty-confidence 6/10 (confidence B, 4_uncharacterised); tissue tier 2_restricted (outlier in blood vessel); also up in within-patient paired contrast (log2FC=1.0)"
16,DNAJC1,0.3855617002672112,0.11124496203220481,0.5109410582877488,0.49999999999999994,0.5,0.863636720276728,0.0803544161861491,0.7351678868972482,0.4304245283018867,0.7293027175057931,0.4410291000192715,1.0,0.9090909090909092,10,4,12,9,3,8,3,True,103,22,0.8148148148148148,13.181449334599924,2_restricted,parathyroid gland,,Endoplasmic reticulum,membrane,False,True,6.0,B,4_uncharacterised,none known,True,"SMM neoplastic vs healthy plasma cells log2FC=0.9 (padj=8.0e-02); expressed in 74% of SMM tumour cells vs 43% of healthy-donor plasma cells; shared by 100% of patients; enriched vs own normal PCs in 10/11 paired patients (4/5 SMM); expressed (>=5 CPM) in 12/12 SMM tumours (9/9 high-risk), 8/8 MM, 3/3 MGUS; 103 strong HLA-I binders on 22/27 alleles; NOT significant in the SMM contrast (entered via A or C); novelty-confidence 6/10 (confidence B, 4_uncharacterised); tissue tier 2_restricted (outlier in parathyroid gland); also up in within-patient paired contrast (log2FC=0.7)"
17,DKK1,0.3799294385985481,0.08263012793621469,0.10903533442175208,0.49999999999999994,0.8333333333333334,2.549529286284388,0.0234711960378365,0.1109568290835647,0.0099699828473413,0.1335580366547293,0.0121410676430911,0.8260869565217391,0.7272727272727273,8,3,8,6,2,7,2,True,29,15,0.5555555555555556,16.781881767835,2_restricted,"cervix, placenta",,,secreted,True,True,8.0,A,2_clinical_other,"pUMVC3-hDKK1 DNA vaccine in smouldering myeloma (Mayo Clinic, NCT03591614); also anti-DKK1 mAb BHQ880 (Novartis) in MM phase 1b/2 trials, and DKN-01 in other solid tumours",True,"SMM neoplastic vs healthy plasma cells log2FC=2.5 (padj=2.3e-02); expressed in 11% of SMM tumour cells vs 1% of healthy-donor plasma cells; shared by 83% of patients; enriched vs own normal PCs in 8/11 paired patients (3/5 SMM); expressed (>=5 CPM) in 8/12 SMM tumours (6/9 high-risk), 7/8 MM, 2/3 MGUS; 29 strong HLA-I binders on 15/27 alleles; novelty-confidence 8/10 (confidence A, 2_clinical_other); tissue tier 2_restricted (outlier in cervix, placenta); also up in within-patient paired contrast (log2FC=1.7)"
18,RBMS1,0.3711854188922975,0.14481593918048563,0.38870318569075907,0.49999999999999994,0.5,1.5920496259742931,0.0001210694100447,0.2605402676091896,0.053066037735849,0.1943859279544975,0.0578146078242435,0.9565217391304348,0.9090909090909092,10,4,11,8,3,8,3,True,66,21,0.7777777777777778,11.850515230848869,2_restricted,placenta,,Cytosol,intracellular,True,False,6.0,B,4_uncharacterised,none known,True,"SMM neoplastic vs healthy plasma cells log2FC=1.6 (padj=1.2e-04); expressed in 26% of SMM tumour cells vs 5% of healthy-donor plasma cells; shared by 96% of patients; enriched vs own normal PCs in 10/11 paired patients (4/5 SMM); expressed (>=5 CPM) in 11/12 SMM tumours (8/9 high-risk), 8/8 MM, 3/3 MGUS; 66 strong HLA-I binders on 21/27 alleles; novelty-confidence 6/10 (confidence B, 4_uncharacterised); tissue tier 2_restricted (outlier in placenta); also up in within-patient paired contrast (log2FC=1.1)"
19,CPQ,0.34442102934421165,0.06473676448070559,1.0,0.49999999999999994,0.0,1.1345921669816776,0.0121737890801209,0.2562484221156274,0.1062392795883361,0.1908573836107015,0.1058970899980728,1.0,0.9090909090909092,10,5,12,9,3,7,3,True,137,23,0.8518518518518519,10.532254185026233,2_restricted,thyroid gland,,"Golgi apparatus, Vesicles",secreted,True,True,3.0,C,4_uncharacterised,none known,True,"SMM neoplastic vs healthy plasma cells log2FC=1.1 (padj=1.2e-02); expressed in 26% of SMM tumour cells vs 11% of healthy-donor plasma cells; shared by 100% of patients; enriched vs own normal PCs in 10/11 paired patients (5/5 SMM); expressed (>=5 CPM) in 12/12 SMM tumours (9/9 high-risk), 7/8 MM, 3/3 MGUS; 137 strong HLA-I binders on 23/27 alleles; novelty-confidence 3/10 (confidence C, 4_uncharacterised); tissue tier 2_restricted (outlier in thyroid gland); also up in within-patient paired contrast (log2FC=1.2)"
20,P2RX1,0.3427576874474948,0.2591333481171453,0.700088415061756,0.49999999999999994,0.0,1.8893575020641256,0.000120843850543,0.522595304216107,0.1000214408233276,0.2760690962713292,0.1137984197340528,1.0,0.6363636363636364,7,4,11,8,3,4,3,False,97,21,0.7777777777777778,14.554880468832904,2_restricted,blood vessel,,Endoplasmic reticulum,membrane,True,True,3.0,C,4_uncharacterised,none known,True,"SMM neoplastic vs healthy plasma cells log2FC=1.9 (padj=1.2e-04); expressed in 52% of SMM tumour cells vs 10% of healthy-donor plasma cells; shared by 100% of patients; enriched vs own normal PCs in 7/11 paired patients (4/5 SMM); expressed (>=5 CPM) in 11/12 SMM tumours (8/9 high-risk), 4/8 MM, 3/3 MGUS; NOT retained on progression to MM (durability risk); 97 strong HLA-I binders on 21/27 alleles; novelty-confidence 3/10 (confidence C, 4_uncharacterised); tissue tier 2_restricted (outlier in blood vessel)"
21,MX1,0.28897394912202023,0.005102614678824746,0.6038824902585307,0.49999999999999994,0.16666666666666666,0.7917441880978653,0.016410942385346,0.1861903559707144,0.078902229845626,0.2709606066989677,0.0880709192522644,1.0,0.5454545454545454,6,2,12,9,3,8,2,True,138,22,0.8148148148148148,11.392546687663415,2_restricted,salivary gland,,"Nuclear membrane, Cytosol",intracellular,True,False,4.0,C,3_literature,"none known - no vaccine, CAR, antibody or ADC program against MX1 in myeloma or any other indication that I am aware of; MX1 appears in myeloma literature only as a component of type I interferon-response gene signatures, not as a therapeutic target",True,"SMM neoplastic vs healthy plasma cells log2FC=0.8 (padj=1.6e-02); expressed in 19% of SMM tumour cells vs 8% of healthy-donor plasma cells; shared by 100% of patients; enriched vs own normal PCs in 6/11 paired patients (2/5 SMM); expressed (>=5 CPM) in 12/12 SMM tumours (9/9 high-risk), 8/8 MM, 2/3 MGUS; 138 strong HLA-I binders on 22/27 alleles; novelty-confidence 4/10 (confidence C, 3_literature); tissue tier 2_restricted (outlier in salivary gland)"
22,TJP1,0.25961524240466716,0.03983884830453786,0.4049846062331956,0.0,0.6666666666666666,1.8960196002042715,0.0151215588835524,0.1521080535218379,0.0250857632933104,0.1117021276595744,0.0272692233571015,0.8695652173913043,0.4545454545454545,5,3,7,5,2,4,2,True,261,24,0.8888888888888888,11.486363182788732,4_broad,,,Cell Junctions,intracellular,True,False,7.0,B,3_literature,none known,True,"SMM neoplastic vs healthy plasma cells log2FC=1.9 (padj=1.5e-02); expressed in 15% of SMM tumour cells vs 3% of healthy-donor plasma cells; shared by 87% of patients; enriched vs own normal PCs in 5/11 paired patients (3/5 SMM); expressed (>=5 CPM) in 7/12 SMM tumours (5/9 high-risk), 4/8 MM, 2/3 MGUS; 261 strong HLA-I binders on 24/27 alleles; novelty-confidence 7/10 (confidence B, 3_literature); tissue tier 4_broad (outlier in nan); also up in within-patient paired contrast (log2FC=0.6)"
23,MCC,0.24588039088421026,0.11720474244503745,0.42859484075349513,0.49999999999999994,0.0,2.937749512811906,2.6619171475967642e-09,0.1464276697803584,0.0126500857632933,0.0979039393301032,0.0151281557140104,1.0,0.6363636363636364,7,3,8,5,3,6,1,True,128,24,0.8888888888888888,13.80645503382218,2_restricted,ovary,,Nucleoplasm,intracellular,True,False,3.0,C,4_uncharacterised,none known,True,"SMM neoplastic vs healthy plasma cells log2FC=2.9 (padj=2.7e-09); expressed in 15% of SMM tumour cells vs 1% of healthy-donor plasma cells; shared by 100% of patients; enriched vs own normal PCs in 7/11 paired patients (3/5 SMM); expressed (>=5 CPM) in 8/12 SMM tumours (5/9 high-risk), 6/8 MM, 1/3 MGUS; 128 strong HLA-I binders on 24/27 alleles; novelty-confidence 3/10 (confidence C, 4_uncharacterised); tissue tier 2_restricted (outlier in ovary); also up in within-patient paired contrast (log2FC=1.5)"
24,PRR15,0.20783478448550746,0.27611594828502495,0.0,0.49999999999999994,0.0,6.446283450108639,5.441920354484112e-06,0.2000757384498863,0.0024656946826758,0.1455129555508742,0.005396030063596,0.782608695652174,0.5454545454545454,6,3,6,3,3,7,1,True,8,6,0.2222222222222222,36.03200875456016,2_restricted,"colon, small intestine",,Vesicles,intracellular,True,False,3.0,C,4_uncharacterised,none known,True,"SMM neoplastic vs healthy plasma cells log2FC=6.4 (padj=5.4e-06); expressed in 20% of SMM tumour cells vs 0% of healthy-donor plasma cells; shared by 78% of patients; enriched vs own normal PCs in 6/11 paired patients (3/5 SMM); expressed (>=5 CPM) in 6/12 SMM tumours (3/9 high-risk), 7/8 MM, 1/3 MGUS; 8 strong HLA-I binders on 6/27 alleles; novelty-confidence 3/10 (confidence C, 4_uncharacterised); tissue tier 2_restricted (outlier in colon, small intestine); also up in within-patient paired contrast (log2FC=1.3)"
25,C2orf76,0.19413112927247606,0.07345986471588474,0.23546584928855324,0.49999999999999994,0.0,1.159138255263978,0.005849853205181,0.2167381974248927,0.0695754716981132,0.1862755424478618,0.071690113702062,1.0,1.0,11,5,12,9,3,8,3,True,27,12,0.4444444444444444,18.075993247906275,2_restricted,epididymis,,Endoplasmic reticulum,intracellular,True,False,3.0,C,4_uncharacterised,none known,True,"SMM neoplastic vs healthy plasma cells log2FC=1.2 (padj=5.8e-03); expressed in 22% of SMM tumour cells vs 7% of healthy-donor plasma cells; shared by 100% of patients; enriched vs own normal PCs in 11/11 paired patients (5/5 SMM); expressed (>=5 CPM) in 12/12 SMM tumours (9/9 high-risk), 8/8 MM, 3/3 MGUS; 27 strong HLA-I binders on 12/27 alleles; novelty-confidence 3/10 (confidence C, 4_uncharacterised); tissue tier 2_restricted (outlier in epididymis); also up in within-patient paired contrast (log2FC=1.2)"
26,MFAP3L,0.19223403573255782,0.051735759156547295,0.8835665399279681,0.0,0.0,2.2538401248524944,0.0002360878415134,0.0833122948750315,0.0122212692967409,0.0804192121339793,0.0141645789169396,1.0,0.8181818181818182,9,4,6,3,3,8,2,True,113,22,0.8148148148148148,11.989379795843142,4_broad,,,Nucleoplasm,membrane,True,True,3.0,C,4_uncharacterised,none known,True,"SMM neoplastic vs healthy plasma cells log2FC=2.3 (padj=2.4e-04); expressed in 8% of SMM tumour cells vs 1% of healthy-donor plasma cells; shared by 100% of patients; enriched vs own normal PCs in 9/11 paired patients (4/5 SMM); expressed (>=5 CPM) in 6/12 SMM tumours (3/9 high-risk), 8/8 MM, 2/3 MGUS; 113 strong HLA-I binders on 22/27 alleles; novelty-confidence 3/10 (confidence C, 4_uncharacterised); tissue tier 4_broad (outlier in nan); also up in within-patient paired contrast (log2FC=1.8)"
27,DST,0.18023888542438649,0.18700477650528138,0.6206872623640104,0.0,0.0,1.7103997387418484,0.0003589764398956,0.3047210300429184,0.0622855917667238,0.2390457130819465,0.0683175949123145,1.0,0.9090909090909092,10,5,12,9,3,8,3,True,1381,26,0.9629629629629628,9.960544009169029,4_broad,,,"Nucleoplasm, Microtubules",intracellular,True,False,3.0,C,4_uncharacterised,none known,True,"SMM neoplastic vs healthy plasma cells log2FC=1.7 (padj=3.6e-04); expressed in 30% of SMM tumour cells vs 6% of healthy-donor plasma cells; shared by 100% of patients; enriched vs own normal PCs in 10/11 paired patients (5/5 SMM); expressed (>=5 CPM) in 12/12 SMM tumours (9/9 high-risk), 8/8 MM, 3/3 MGUS; 1381 strong HLA-I binders on 26/27 alleles; novelty-confidence 3/10 (confidence C, 4_uncharacterised); tissue tier 4_broad (outlier in nan); also up in within-patient paired contrast (log2FC=1.1)"
28,STARD5,0.1730237833495289,0.03478255054055072,0.8129450909368183,0.0,0.0,1.037910472240086,0.0008549902170902,0.1795001262307498,0.0732204116638079,0.1610490836317674,0.0760262092888803,1.0,0.9090909090909092,10,5,12,9,3,8,2,True,58,21,0.7777777777777778,12.199371688698657,4_broad,,,Vesicles,intracellular,True,False,3.0,C,4_uncharacterised,none known,True,"SMM neoplastic vs healthy plasma cells log2FC=1.0 (padj=8.5e-04); expressed in 18% of SMM tumour cells vs 7% of healthy-donor plasma cells; shared by 100% of patients; enriched vs own normal PCs in 10/11 paired patients (5/5 SMM); expressed (>=5 CPM) in 12/12 SMM tumours (9/9 high-risk), 8/8 MM, 2/3 MGUS; 58 strong HLA-I binders on 21/27 alleles; novelty-confidence 3/10 (confidence C, 4_uncharacterised); tissue tier 4_broad (outlier in nan); also up in within-patient paired contrast (log2FC=0.9)"
29,TNS3,0.11076822125058997,0.044882187946289176,0.4865178243335161,0.0,0.0,1.4840597320469848,0.000525369526077,0.1389800555415299,0.0412735849056603,0.1118074573414788,0.0427828097899402,1.0,0.8181818181818182,9,4,12,9,3,6,3,False,226,26,0.9629629629629628,9.664304137701269,4_broad,,,Focal adhesion sites,intracellular,True,False,3.0,C,4_uncharacterised,none known,True,"SMM neoplastic vs healthy plasma cells log2FC=1.5 (padj=5.3e-04); expressed in 14% of SMM tumour cells vs 4% of healthy-donor plasma cells; shared by 100% of patients; enriched vs own normal PCs in 9/11 paired patients (4/5 SMM); expressed (>=5 CPM) in 12/12 SMM tumours (9/9 high-risk), 6/8 MM, 3/3 MGUS; NOT retained on progression to MM (durability risk); 226 strong HLA-I binders on 26/27 alleles; novelty-confidence 3/10 (confidence C, 4_uncharacterised); tissue tier 4_broad (outlier in nan); also up in within-patient paired contrast (log2FC=1.3)"
30,FAM162A,0.08525179063436236,0.048092715441250114,0.3541198800099366,0.0,0.0,0.8930944282555183,0.0113581437088,0.3844988639232517,0.1928602058319039,0.4770907941858016,0.1956060898053574,1.0,0.7272727272727273,8,3,12,9,3,8,3,True,36,14,0.5185185185185185,12.137767997694702,4_broad,,,Mitochondria,membrane,True,True,3.0,C,4_uncharacterised,none known,True,"SMM neoplastic vs healthy plasma cells log2FC=0.9 (padj=1.1e-02); expressed in 38% of SMM tumour cells vs 19% of healthy-donor plasma cells; shared by 100% of patients; enriched vs own normal PCs in 8/11 paired patients (3/5 SMM); expressed (>=5 CPM) in 12/12 SMM tumours (9/9 high-risk), 8/8 MM, 3/3 MGUS; 36 strong HLA-I binders on 14/27 alleles; novelty-confidence 3/10 (confidence C, 4_uncharacterised); tissue tier 4_broad (outlier in nan); also up in within-patient paired contrast (log2FC=0.8)"
31,LENG1,0.0257780431915322,0.06435865777661037,0.03235222929274544,0.0,0.0,1.2928547075849997,8.187088735493447e-06,0.2277202726584196,0.063893653516295,0.2281967558457973,0.0700520331470418,1.0,0.7272727272727273,8,3,12,9,3,8,3,True,23,11,0.4074074074074074,18.092455119136275,4_broad,,,Plasma membrane,intracellular,True,False,3.0,C,4_uncharacterised,none known,True,"SMM neoplastic vs healthy plasma cells log2FC=1.3 (padj=8.2e-06); expressed in 23% of SMM tumour cells vs 6% of healthy-donor plasma cells; shared by 100% of patients; enriched vs own normal PCs in 8/11 paired patients (3/5 SMM); expressed (>=5 CPM) in 12/12 SMM tumours (9/9 high-risk), 8/8 MM, 3/3 MGUS; 23 strong HLA-I binders on 11/27 alleles; novelty-confidence 3/10 (confidence C, 4_uncharacterised); tissue tier 4_broad (outlier in nan); also up in within-patient paired contrast (log2FC=0.6)"
32,EID1,0.0145639921525903,0.04338987099880064,0.007735154264750525,0.0,0.0,0.5721074413242727,0.014708660724849,0.7525877303711184,0.5296955403087479,0.7207183484305877,0.527847369435344,1.0,0.9090909090909092,10,5,12,9,3,8,3,True,13,10,0.3703703703703703,26.838127489750743,4_broad,,,Nucleoplasm,intracellular,True,False,3.0,C,4_uncharacterised,none known,True,"SMM neoplastic vs healthy plasma cells log2FC=0.6 (padj=1.5e-02); expressed in 75% of SMM tumour cells vs 53% of healthy-donor plasma cells; shared by 100% of patients; enriched vs own normal PCs in 10/11 paired patients (5/5 SMM); expressed (>=5 CPM) in 12/12 SMM tumours (9/9 high-risk), 8/8 MM, 3/3 MGUS; 13 strong HLA-I binders on 10/27 alleles; novelty-confidence 3/10 (confidence C, 4_uncharacterised); tissue tier 4_broad (outlier in nan); also up in within-patient paired contrast (log2FC=0.9)"
